step,LPF,force,u_x,u_y
0,0.,0.000000000000e+00,0.000000000000e+00,0.000000000000e+00
1,0.0187991,6.152416514939e-02,-1.051532576614e-02,5.697139653947e-01
2,0.0376621,1.232577808643e-01,3.596103886256e-03,1.140890949248e+00
3,0.0565814,1.851754081130e-01,4.213363248870e-02,1.712552389279e+00
4,0.0755196,2.471550730420e-01,1.045280030576e-01,2.283625723361e+00
5,0.0943833,3.088908712273e-01,1.896032444291e-01,2.852705212674e+00
6,0.112956,3.696756624577e-01,2.949374498576e-01,3.417191056448e+00
7,0.130752,4.279159095189e-01,4.152917555391e-01,3.970854994540e+00
8,0.146825,4.805171171063e-01,5.401255917853e-01,4.499871773020e+00
9,0.160032,5.237415569290e-01,6.548207148142e-01,4.986222835864e+00
10,0.170015,5.564111711285e-01,7.504927579757e-01,5.426458265964e+00
11,0.177373,5.804928201263e-01,8.285472977517e-01,5.836109628171e+00
12,0.182909,5.986116085437e-01,8.944671950774e-01,6.233747199138e+00
13,0.187229,6.127488973248e-01,9.531887388188e-01,6.632426863208e+00
14,0.190728,6.242003988278e-01,1.008223762604e+00,7.039741087982e+00
15,0.19366,6.337965388089e-01,1.061948542249e+00,7.459657862843e+00
16,0.196191,6.420790949711e-01,1.115978411240e+00,7.893973432675e+00
17,0.198431,6.494114362136e-01,1.171435380622e+00,8.343224283166e+00
18,0.200458,6.560442735150e-01,1.229119491714e+00,8.807231569577e+00
19,0.202325,6.621551809054e-01,1.289616630193e+00,9.285423984320e+00
20,0.204072,6.678729190975e-01,1.353367054049e+00,9.777029664154e+00
21,0.205728,6.732928232040e-01,1.420709783218e+00,1.028119017342e+01
22,0.207315,6.784868044367e-01,1.491911967105e+00,1.079702757282e+01
23,0.20885,6.835100165743e-01,1.567188723768e+00,1.132368296679e+01
24,0.210346,6.884054020961e-01,1.646716810564e+00,1.186033762208e+01
25,0.211813,6.932068568795e-01,1.730644220635e+00,1.240622344524e+01
26,0.21326,6.979414744412e-01,1.819097037176e+00,1.296062701664e+01
27,0.214693,7.026311642301e-01,1.912184409177e+00,1.352288979513e+01
28,0.216118,7.072938362941e-01,2.010002219104e+00,1.409240612488e+01
29,0.217539,7.119442804473e-01,2.112635825760e+00,1.466862006100e+01
30,0.21896,7.165948268712e-01,2.220162143967e+00,1.525102164192e+01
31,0.220384,7.212558481289e-01,2.332651242330e+00,1.583914299122e+01
32,0.221814,7.259361446066e-01,2.450167586402e+00,1.643255447511e+01
33,0.223252,7.306432432315e-01,2.572771017853e+00,1.703086104378e+01
34,0.224701,7.353836309437e-01,2.700517534897e+00,1.763369882239e+01
35,0.226161,7.401629385635e-01,2.833459921496e+00,1.824073197954e+01
36,0.227635,7.449860865680e-01,2.971648260356e+00,1.885164987735e+01
37,0.229123,7.498574013389e-01,3.115130355741e+00,1.946616449388e+01
38,0.230627,7.547807083090e-01,3.263952085649e+00,2.008400810092e+01
39,0.232149,7.597594068711e-01,3.418157698161e+00,2.070493117651e+01
40,0.233688,7.647965307630e-01,3.577790063286e+00,2.132870053044e+01
41,0.235246,7.698947967759e-01,3.742890888982e+00,2.195509762076e+01
42,0.236823,7.750566439949e-01,3.913500908131e+00,2.258391704062e+01
43,0.23842,7.802842652790e-01,4.089660041691e+00,2.321496515605e+01
44,0.240038,7.855796323210e-01,4.271407542164e+00,2.384805887675e+01
45,0.241677,7.909445153291e-01,4.458782120573e+00,2.448302454370e+01
46,0.243338,7.963804981516e-01,4.651822059510e+00,2.511969691895e+01
47,0.245022,8.018889894855e-01,4.850565314197e+00,2.575791826433e+01
48,0.246727,8.074712306673e-01,5.055049603108e+00,2.639753749722e+01
49,0.248456,8.131283004361e-01,5.265312489311e+00,2.703840941255e+01
50,0.250208,8.188611169612e-01,5.481391453373e+00,2.768039396151e+01
51,0.251983,8.246704373586e-01,5.703323958448e+00,2.832335557803e+01
52,0.253781,8.305568548517e-01,5.931147507888e+00,2.896716254506e+01
53,0.255604,8.365207936860e-01,6.164899695547e+00,2.961168639335e+01
54,0.25745,8.425625018572e-01,6.404618248748e+00,3.025680132576e+01
55,0.25932,8.486820416783e-01,6.650341063685e+00,3.090238366083e+01
56,0.261213,8.548792781745e-01,6.902106232867e+00,3.154831128948e+01
57,0.26313,8.611538652653e-01,7.159952064020e+00,3.219446313914e+01
58,0.265071,8.675052296659e-01,7.423917089680e+00,3.284071863948e+01
59,0.267035,8.739325524138e-01,7.694040066497e+00,3.348695718458e+01
60,0.269022,8.804347479054e-01,7.970359963079e+00,3.413305758562e+01
61,0.271031,8.870104403017e-01,8.252915934965e+00,3.477889750895e+01
62,0.273062,8.936579371465e-01,8.541747285065e+00,3.542435289368e+01
63,0.275115,9.003752000180e-01,8.836893407642e+00,3.606929734314e+01
64,0.277188,9.071598120212e-01,9.138393713623e+00,3.671360148417e+01
65,0.279281,9.140089419114e-01,9.446287534676e+00,3.735713228801e+01
66,0.281392,9.209193046297e-01,9.760614003192e+00,3.799975234627e+01
67,0.283521,9.278871180219e-01,1.008141190486e+01,3.864131909501e+01
68,0.285666,9.349080555104e-01,1.040871950021e+01,3.928168397971e+01
69,0.287826,9.419771944914e-01,1.074257431091e+01,3.992069155335e+01
70,0.289999,9.490889602416e-01,1.108301286635e+01,4.055817849947e+01
71,0.292184,9.562370651384e-01,1.143007040534e+01,4.119397257162e+01
72,0.294377,9.634144430343e-01,1.178378052741e+01,4.182789144022e+01
73,0.296576,9.706131786741e-01,1.214417478760e+01,4.245974143721e+01
74,0.29878,9.778244321142e-01,1.251128222819e+01,4.308931618896e+01
75,0.300984,9.850383581982e-01,1.288512884027e+01,4.371639512709e+01
76,0.303186,9.922440212632e-01,1.326573694784e+01,4.434074186725e+01
77,0.305381,9.994293054107e-01,1.365312450639e+01,4.496210244548e+01
78,0.307566,1.006580820872e+00,1.404730430826e+01,4.558020340217e+01
79,0.309737,1.013683807245e+00,1.444828308641e+01,4.619474970431e+01
80,0.311887,1.020722034670e+00,1.485606050888e+01,4.680542249715e+01
81,0.314013,1.027677704384e+00,1.527062805631e+01,4.741187667793e+01
82,0.316107,1.034531350500e+00,1.569196777556e+01,4.801373828596e+01
83,0.318163,1.041261745364e+00,1.612005090382e+01,4.861060170542e+01
84,0.320175,1.047845811399e+00,1.655483635858e+01,4.920202668041e+01
85,0.322135,1.054258542987e+00,1.699626909083e+01,4.978753514506e+01
86,0.324033,1.060472942640e+00,1.744427830114e+01,5.036660787610e+01
87,0.325863,1.066459976468e+00,1.789877552039e+01,5.093868098060e+01
88,0.327613,1.072188554737e+00,1.835965255995e+01,5.150314223787e+01
89,0.329274,1.077625544129e+00,1.882677933860e+01,5.205932732229e+01
90,0.330836,1.082735819088e+00,1.930000159600e+01,5.260651594315e+01
91,0.332286,1.087482360345e+00,1.977913850490e+01,5.314392794885e+01
92,0.333614,1.091826409347e+00,2.026398019537e+01,5.367071945737e+01
93,0.334806,1.095727687695e+00,2.075428520513e+01,5.418597909322e+01
94,0.33585,1.099144690935e+00,2.124977786976e+01,5.468872443530e+01
95,0.336733,1.102035065870e+00,2.175014566594e+01,5.517789881238e+01
96,0.337442,1.104356080069e+00,2.225503652014e+01,5.565236862604e+01
97,0.337964,1.106065191191e+00,2.276405609766e+01,5.611092143843e+01
98,0.338287,1.107120722082e+00,2.327676509252e+01,5.655226513741e+01
99,0.338397,1.107482645081e+00,2.379267655478e+01,5.697502858752e+01
100,0.338285,1.107113475383e+00,2.431125331959e+01,5.737776429159e+01
101,0.337938,1.105979268235e+00,2.483190565091e+01,5.775895372121e+01
102,0.337349,1.104050707799e+00,2.535398928419e+01,5.811701611217e+01
103,0.33651,1.101304266148e+00,2.587680415235e+01,5.845032164006e+01
104,0.335415,1.097723398662e+00,2.639959420346e+01,5.875720995267e+01
105,0.334064,1.093299727057e+00,2.692154885634e+01,5.903601498528e+01
106,0.332455,1.088034143881e+00,2.744180676705e+01,5.928509675359e+01
107,0.330592,1.081937754539e+00,2.795946265416e+01,5.950288033928e+01
108,0.328482,1.075032557965e+00,2.847357790013e+01,5.968790150927e+01
109,0.326135,1.067351760094e+00,2.898319545222e+01,5.983885735400e+01
110,0.323565,1.058939621035e+00,2.948735914836e+01,5.995465909893e+01
111,0.320788,1.049850762652e+00,2.998513699263e+01,6.003448305545e+01
112,0.317823,1.040148909918e+00,3.047564717368e+01,6.007781484765e+01
113,0.314693,1.029905103221e+00,3.095808490244e+01,6.008448190828e+01
114,0.311421,1.019195489316e+00,3.143174763857e+01,6.005467000488e+01
115,0.30803,1.008098860437e+00,3.189605615645e+01,5.998892123216e+01
116,0.304545,9.966941485024e-01,3.235056926414e+01,5.988811320068e+01
117,0.30099,9.850580841527e-01,3.279499078185e+01,5.975342156270e+01
118,0.297386,9.732631979652e-01,3.322916842823e+01,5.958626998794e+01
119,0.293754,9.613762827890e-01,3.365308530204e+01,5.938827282671e+01
120,0.290112,9.494573670520e-01,3.406684545365e+01,5.916117583736e+01
121,0.286476,9.375591846468e-01,3.447065548434e+01,5.890679964935e+01
122,0.282861,9.257270787620e-01,3.486480417512e+01,5.862698939901e+01
123,0.279278,9.139992493511e-01,3.524964191249e+01,5.832357257274e+01
124,0.275736,9.024072455952e-01,3.562556126866e+01,5.799832580935e+01
125,0.272243,8.909766108993e-01,3.599297963128e+01,5.765295042110e+01
126,0.268806,8.797276027782e-01,3.635232435079e+01,5.728905574238e+01
127,0.265429,8.686759282097e-01,3.670402053324e+01,5.690814907704e+01
128,0.262116,8.578334529442e-01,3.704848136602e+01,5.651163091821e+01
129,0.258869,8.472088587262e-01,3.738610071818e+01,5.610079417708e+01
130,0.255691,8.368082345519e-01,3.771724768469e+01,5.567682630969e+01
131,0.252583,8.266355969359e-01,3.804226272586e+01,5.524081341977e+01
132,0.249545,8.166933401224e-01,3.836145506806e+01,5.479374560686e+01
133,0.246578,8.069826208584e-01,3.867510106578e+01,5.433652300324e+01
134,0.243682,7.975036843383e-01,3.898344326666e+01,5.386996209090e+01
135,0.240856,7.882561387735e-01,3.928668996342e+01,5.339480200956e+01
136,0.238101,7.792391861230e-01,3.958501505607e+01,5.291171066015e+01
137,0.235416,7.704518161692e-01,3.987855808151e+01,5.242129047842e+01
138,0.232801,7.618929705308e-01,4.016742429624e+01,5.192408380561e+01
139,0.230255,7.535616825267e-01,4.045168471993e+01,5.142057781960e+01
140,0.227779,7.454571981197e-01,4.073137606481e+01,5.091120901632e+01
141,0.225371,7.375790825387e-01,4.100650048808e+01,5.039636724837e+01
142,0.223033,7.299273166215e-01,4.127702511282e+01,4.987639933919e+01
143,0.220765,7.225023864612e-01,4.154288126737e+01,4.935161229888e+01
144,0.218566,7.153053695693e-01,4.180396339493e+01,4.882227617161e+01
145,0.216437,7.083380204968e-01,4.206012758390e+01,4.828862654818e+01
146,0.214379,7.016028586694e-01,4.231118966615e+01,4.775086677895e+01
147,0.212393,6.951032610899e-01,4.255692282459e+01,4.720916992524e+01
148,0.21048,6.888435625365e-01,4.279705464395e+01,4.666368048992e+01
149,0.208642,6.828291659254e-01,4.303126352896e+01,4.611451597307e+01
150,0.206881,6.770666656072e-01,4.325917440329e+01,4.556176830562e+01
151,0.2052,6.715639865050e-01,4.348035359018e+01,4.500550522472e+01
152,0.203601,6.663305421625e-01,4.369430276320e+01,4.444577167007e+01
153,0.202088,6.613774149056e-01,4.390045184383e+01,4.388259130308e+01
154,0.200664,6.567175613785e-01,4.409815071411e+01,4.331596828158e+01
155,0.199334,6.523660465811e-01,4.428665961135e+01,4.274588946657e+01
156,0.198104,6.483403090647e-01,4.446513808380e+01,4.217232729624e+01
157,0.19698,6.446604588698e-01,4.463263242180e+01,4.159524364190e+01
158,0.195968,6.413496077367e-01,4.478806155351e+01,4.101459506481e+01
159,0.195077,6.384342275012e-01,4.493020153206e+01,4.043034002710e+01
160,0.194316,6.359445265544e-01,4.505766897716e+01,3.984244877458e+01
161,0.193696,6.339148246169e-01,4.516890421909e+01,3.925091679972e+01
162,0.193228,6.323838913126e-01,4.526215549260e+01,3.865578298780e+01
163,0.192926,6.313951923727e-01,4.533546642187e+01,3.805715369685e+01
164,0.192805,6.309969572304e-01,4.538667029824e+01,3.745523402187e+01
165,0.192879,6.312419432178e-01,4.541339630089e+01,3.685036716519e+01
166,0.193168,6.321867281976e-01,4.541309472142e+01,3.624308189645e+01
167,0.193689,6.338903264704e-01,4.538308999307e+01,3.563414617122e+01
168,0.194459,6.364119155676e-01,4.532067094940e+01,3.502462174759e+01
169,0.195497,6.398075218135e-01,4.522322566605e+01,3.441591009347e+01
170,0.196816,6.441256848739e-01,4.508842152318e+01,3.380977488286e+01
171,0.198429,6.494024298507e-01,4.491441853435e+01,3.320832322965e+01
172,0.200339,6.556562741711e-01,4.470008710952e+01,3.261393010389e+01
173,0.202548,6.628843349547e-01,4.444518602540e+01,3.202910120002e+01
174,0.205046,6.710606380879e-01,4.415045331263e+01,3.145628831347e+01
175,0.20782,6.801373188439e-01,4.381757756345e+01,3.089769070999e+01
176,0.210848,6.900486079999e-01,4.344904979882e+01,3.035508549205e+01
177,0.214108,7.007166946937e-01,4.304793014362e+01,2.982972235811e+01
178,0.217573,7.120581346379e-01,4.261758341629e+01,2.932229693312e+01
179,0.221219,7.239895842414e-01,4.216143545209e+01,2.883299345761e+01
180,0.225021,7.364321198081e-01,4.168278352913e+01,2.836157282703e+01
181,0.228957,7.493139423219e-01,4.118467203205e+01,2.790747906554e+01
182,0.233008,7.625716646969e-01,4.066982723839e+01,2.746994333078e+01
183,0.237157,7.761505422067e-01,4.014063766436e+01,2.704807276072e+01
184,0.24139,7.900040341152e-01,3.959916416187e+01,2.664091974485e+01
185,0.245695,8.040930036881e-01,3.904716703108e+01,2.624753181655e+01
186,0.250062,8.183847746292e-01,3.848614076428e+01,2.586698505982e+01
187,0.254483,8.328521784314e-01,3.791735044958e+01,2.549840466788e+01
188,0.25895,8.474726657890e-01,3.734186643006e+01,2.514097611130e+01
189,0.263458,8.622275147913e-01,3.676059555294e+01,2.479394978979e+01
190,0.268003,8.771011444078e-01,3.617430841721e+01,2.445664137466e+01
191,0.27258,8.920805286514e-01,3.558366263413e+01,2.412842944786e+01
192,0.277186,9.071547006283e-01,3.498922242041e+01,2.380875155958e+01
193,0.281818,9.223143335415e-01,3.439147496986e+01,2.349709946136e+01
194,0.286474,9.375513857389e-01,3.379084407388e+01,2.319301400845e+01
195,0.291151,9.528587979617e-01,3.318770143540e+01,2.289608004137e+01
196,0.295848,9.682302324063e-01,3.258237607195e+01,2.260592143079e+01
197,0.300563,9.836598447301e-01,3.197516214806e+01,2.232219638668e+01
198,0.305293,9.991420815346e-01,3.136632552361e+01,2.204459307812e+01
199,0.310039,1.014671497083e+00,3.075610925581e+01,2.177282557557e+01
200,0.314796,1.030242584047e+00,3.014473825098e+01,2.150663010649e+01
201,0.319565,1.045849613918e+00,2.953242322643e+01,2.124576160305e+01
202,0.324343,1.061486483432e+00,2.891936411389e+01,2.098999051411e+01
203,0.329128,1.077146563870e+00,2.830575301134e+01,2.073909985140e+01
204,0.333918,1.092822550600e+00,2.769177677066e+01,2.049288243949e+01
205,0.33871,1.108506310520e+00,2.707761929220e+01,2.025113834066e+01
206,0.343502,1.124188725396e+00,2.646346358400e+01,2.001367242828e+01
207,0.34829,1.139859529287e+00,2.584949363234e+01,1.978029208541e+01
208,0.353072,1.155507138453e+00,2.523589612094e+01,1.955080500928e+01
209,0.357842,1.171118472287e+00,2.462286202790e+01,1.932501710624e+01
210,0.362596,1.186678763946e+00,2.401058812235e+01,1.910273046711e+01
211,0.36733,1.202171359456e+00,2.339927837596e+01,1.888374141781e+01
212,0.372038,1.217577504168e+00,2.278914529788e+01,1.866783864668e+01
213,0.376712,1.232876115492e+00,2.218041119542e+01,1.845480141679e+01
214,0.381347,1.248043540909e+00,2.157330935547e+01,1.824439787927e+01
215,0.385933,1.263053300237e+00,2.096808513458e+01,1.803638351251e+01
216,0.390462,1.277875811151e+00,2.036499693747e+01,1.783049972144e+01
217,0.394924,1.292478096855e+00,1.976431705480e+01,1.762647264075e+01
218,0.399307,1.306823474650e+00,1.916633232111e+01,1.742401219561e+01
219,0.4036,1.320871223960e+00,1.857134454347e+01,1.722281148182e+01
220,0.407787,1.334576231983e+00,1.797967064019e+01,1.702254653326e+01
221,0.411855,1.347888614774e+00,1.739164241765e+01,1.682287654614e+01
222,0.415786,1.360753310963e+00,1.680760590346e+01,1.662344462416e+01
223,0.419561,1.373109644733e+00,1.622792014611e+01,1.642387909379e+01
224,0.423161,1.384890854076e+00,1.565295538740e+01,1.622379541011e+01
225,0.426563,1.396023579874e+00,1.508309051752e+01,1.602279862871e+01
226,0.429742,1.406427311333e+00,1.451870973565e+01,1.582048635382e+01
227,0.432671,1.416013784073e+00,1.396019836612e+01,1.561645198624e+01
228,0.435321,1.424686329455e+00,1.340793782538e+01,1.541028798801e+01
229,0.437659,1.432339178356e+00,1.286229980115e+01,1.520158875865e+01
230,0.439651,1.438856730868e+00,1.232363979500e+01,1.498995259331e+01
231,0.441257,1.444112816744e+00,1.179229029244e+01,1.477498208472e+01
232,0.442435,1.447969991492e+00,1.126855395450e+01,1.455628226783e+01
233,0.443141,1.450278941165e+00,1.075269736246e+01,1.433345582550e+01
234,0.443324,1.450878105389e+00,1.024494597168e+01,1.410609481806e+01
235,0.442931,1.449593671266e+00,9.745481016620e+00,1.387376870940e+01
236,0.441907,1.446240134893e+00,9.254439119416e+00,1.363600896172e+01
237,0.44019,1.440621661784e+00,8.771915251146e+00,1.339229115092e+01
238,0.437719,1.432534485711e+00,8.297969441259e+00,1.314201634397e+01
239,0.43443,1.421770546090e+00,7.832637209226e+00,1.288449423602e+01
240,0.43026,1.408122455443e+00,7.375943123564e+00,1.261893104559e+01
241,0.425147,1.391389697915e+00,6.927916254748e+00,1.234442515817e+01
242,0.419035,1.371385694109e+00,6.488605722608e+00,1.205997279356e+01
243,0.411872,1.347945061164e+00,6.058094232433e+00,1.176448454240e+01
244,0.403618,1.320930109248e+00,5.636507625947e+00,1.145681177320e+01
245,0.394239,1.290235411255e+00,5.224019158259e+00,1.113578034409e+01
246,0.383713,1.255789202003e+00,4.820848521909e+00,1.080022890940e+01
247,0.372029,1.217550408729e+00,4.427257879368e+00,1.044905243069e+01
248,0.359181,1.175500328547e+00,4.043551884762e+00,1.008126325176e+01
249,0.345164,1.129628887268e+00,3.670102251891e+00,9.696118330978e+00
250,0.329976,1.079920331594e+00,3.307465682935e+00,9.293482496698e+00
251,0.313613,1.026370563248e+00,2.956860740537e+00,8.875060242613e+00
252,0.296152,9.692255003915e-01,2.622159697060e+00,8.449108021291e+00
253,0.278195,9.104556489310e-01,2.318169650505e+00,8.048849554845e+00
254,0.262243,8.582506121336e-01,2.087551783244e+00,7.768974047146e+00
255,0.251119,8.218436870887e-01,1.960489299427e+00,7.686177041461e+00
256,0.243954,7.983945566555e-01,1.906591123225e+00,7.756544305688e+00
257,0.239104,7.825229546839e-01,1.894349792866e+00,7.924008386186e+00
258,0.235615,7.711052272058e-01,1.907635445212e+00,8.156900110716e+00
259,0.23298,7.624815421145e-01,1.938427063873e+00,8.437562257214e+00
260,0.230913,7.557167469657e-01,1.982416154261e+00,8.755137512185e+00
261,0.229242,7.502460851899e-01,2.037107066380e+00,9.102315770879e+00
262,0.227855,7.457075023036e-01,2.100965754195e+00,9.473823984445e+00
263,0.226679,7.418572391751e-01,2.173006570134e+00,9.865662540878e+00
264,0.22566,7.385244349139e-01,2.252575893626e+00,1.027468442615e+01
265,0.224762,7.355852289307e-01,2.339231282169e+00,1.069834486829e+01
266,0.223956,7.329472253989e-01,2.432670256525e+00,1.113454237860e+01
267,0.22322,7.305397683849e-01,2.532686427452e+00,1.158151220254e+01
268,0.222538,7.283076296277e-01,2.639141450103e+00,1.203775165757e+01
269,0.221897,7.262067820889e-01,2.751946536594e+00,1.250196589407e+01
270,0.221284,7.242014930221e-01,2.871049953738e+00,1.297302732373e+01
271,0.220691,7.222622772684e-01,2.996428387673e+00,1.344994453971e+01
272,0.220111,7.203644263392e-01,3.128080875509e+00,1.393183803584e+01
273,0.219538,7.184869319998e-01,3.266024481859e+00,1.441792092312e+01
274,0.218965,7.166116858330e-01,3.410291185996e+00,1.490748339885e+01
275,0.218388,7.147228755269e-01,3.560925623984e+00,1.539988008431e+01
276,0.217802,7.128065238024e-01,3.717983443599e+00,1.589451958872e+01
277,0.217204,7.108501324036e-01,3.881530103582e+00,1.639085582307e+01
278,0.216591,7.088424046180e-01,4.051639997565e+00,1.688838070513e+01
279,0.215958,7.067730273145e-01,4.228395815754e+00,1.738661798126e+01
280,0.215304,7.046324987072e-01,4.411888079685e+00,1.788511795353e+01
281,0.214626,7.024119917204e-01,4.602214800614e+00,1.838345294704e+01
282,0.21392,7.001032454544e-01,4.799481222443e+00,1.888121338863e+01
283,0.213186,6.976984791498e-01,5.003799617167e+00,1.937800439563e+01
284,0.212419,6.951903244375e-01,5.215289105481e+00,1.987344279555e+01
285,0.211619,6.925717726953e-01,5.434075478163e+00,2.036715451550e+01
286,0.210783,6.898361351013e-01,5.660290995567e+00,2.085877229457e+01
287,0.20991,6.869770135590e-01,5.894074143457e+00,2.134793368489e+01
288,0.208996,6.839882811084e-01,6.135569323604e+00,2.183427931786e+01
289,0.208042,6.808640707713e-01,6.384926457504e+00,2.231745142111e+01
290,0.207044,6.775987720264e-01,6.642300481215e+00,2.279709258033e+01
291,0.206002,6.741870342917e-01,6.907850709138e+00,2.327284474764e+01
292,0.204913,6.706237769113e-01,7.181740044588e+00,2.374434850497e+01
293,0.203776,6.669042052135e-01,7.464134015603e+00,2.421124259713e+01
294,0.202591,6.630238322309e-01,7.755199615859e+00,2.467316375453e+01
295,0.201355,6.589785056440e-01,8.055103933098e+00,2.512974682964e+01
296,0.200067,6.547644394477e-01,8.364012551404e+00,2.558062527423e+01
297,0.198727,6.503782497217e-01,8.682087719352e+00,2.602543198557e+01
298,0.197333,6.458169937376e-01,9.009486283635e+00,2.646380054824e+01
299,0.195885,6.410782114484e-01,9.346357397483e+00,2.689536689464e+01
300,0.194382,6.361599681924e-01,9.692840024952e+00,2.731977139956e+01
301,0.192824,6.310608972169e-01,1.004906027580e+01,2.773666141349e+01
302,0.191211,6.257802404072e-01,1.041512862066e+01,2.814569422418e+01
303,0.189542,6.203178854105e-01,1.079113705177e+01,2.854654041728e+01
304,0.187817,6.146743972039e-01,1.117715626961e+01,2.893888758472e+01
305,0.186038,6.088510420987e-01,1.157323298868e+01,2.932244430499e+01
306,0.184204,6.028498022234e-01,1.197938746532e+01,2.969694429421e+01
307,0.182317,5.966733787130e-01,1.239561135483e+01,3.006215060279e+01
308,0.180377,5.903251821608e-01,1.282186600267e+01,3.041785971232e+01
309,0.178386,5.838093093622e-01,1.325808126515e+01,3.076390537337e+01
310,0.176345,5.771305059751e-01,1.370415493723e+01,3.110016201950e+01
311,0.174257,5.702941154125e-01,1.415995284039e+01,3.142654759821e+01
312,0.172121,5.633060150009e-01,1.462530959324e+01,3.174302567636e+01
313,0.169942,5.561725411428e-01,1.510003005375e+01,3.204960670518e+01
314,0.16772,5.489004058234e-01,1.558389138793e+01,3.234634836749e+01
315,0.165457,5.414966072656e-01,1.607664568822e+01,3.263335497325e+01
316,0.163157,5.339683378029e-01,1.657802303925e+01,3.291077591658e+01
317,0.160821,5.263228920961e-01,1.708773491004e+01,3.317880325248e+01
318,0.158451,5.185675786603e-01,1.760547774314e+01,3.343766849215e+01
319,0.15605,5.107096373307e-01,1.813093661070e+01,3.368763874762e+01
320,0.15362,5.027561648103e-01,1.866378881644e+01,3.392901237825e+01
321,0.151163,4.947140498707e-01,1.920370733723e+01,3.416211430209e+01
322,0.14868,4.865899191800e-01,1.975036401833e+01,3.438729113466e+01
323,0.146175,4.783900941450e-01,2.030343245818e+01,3.460490630807e+01
324,0.143648,4.701205586408e-01,2.086259054127e+01,3.481533530635e+01
325,0.141102,4.617869370707e-01,2.142752259889e+01,3.501896113067e+01
326,0.138537,4.533944818731e-01,2.199792119543e+01,3.521617008391e+01
327,0.135956,4.449480693791e-01,2.257348855304e+01,3.540734793901e+01
328,0.13336,4.364522027995e-01,2.315393763860e+01,3.559287653210e+01
329,0.130751,4.279110210897e-01,2.373899294421e+01,3.577313080038e+01
330,0.128128,4.193283124739e-01,2.432839099701e+01,3.594847626696e+01
331,0.125494,4.107075314899e-01,2.492188063564e+01,3.611926696083e+01
332,0.122849,4.020518185332e-01,2.551922309004e+01,3.628584374934e+01
333,0.120195,3.933640210107e-01,2.612019189959e+01,3.644853305320e+01
334,0.117531,3.846467153533e-01,2.672457270140e+01,3.660764590939e+01
335,0.114859,3.759022292716e-01,2.733216291704e+01,3.676347734526e+01
336,0.112179,3.671326637664e-01,2.794277136226e+01,3.691630602644e+01
337,0.109493,3.583399145207e-01,2.855621780059e+01,3.706639414248e+01
338,0.1068,3.495256923975e-01,2.917233245806e+01,3.721398749586e+01
339,0.1041,3.406915428548e-01,2.979095551314e+01,3.735931576283e+01
340,0.101395,3.318388641578e-01,3.041193657311e+01,3.750259289744e+01
341,0.0986849,3.229689243263e-01,3.103513414573e+01,3.764401765320e+01
342,0.0959698,3.140828767993e-01,3.166041511283e+01,3.778377420019e+01
343,0.09325,3.051817748356e-01,3.228765421089e+01,3.792203281818e+01
344,0.0905259,2.962665846919e-01,3.291673352212e+01,3.805895064935e+01
345,0.0877978,2.873381976441e-01,3.354754197866e+01,3.819467249683e+01
346,0.0850659,2.783974409251e-01,3.417997488145e+01,3.832933165740e+01
347,0.0823304,2.694450876664e-01,3.481393343459e+01,3.846305077919e+01
348,0.0795917,2.604818659339e-01,3.544932429597e+01,3.859594273669e+01
349,0.0768498,2.515084669510e-01,3.608605914384e+01,3.872811151717e+01
350,0.074105,2.425255526050e-01,3.672405425951e+01,3.885965311407e+01
351,0.0713575,2.335337623334e-01,3.736323012560e+01,3.899065642395e+01
352,0.0686075,2.245337194823e-01,3.800351103954e+01,3.912120414469e+01
353,0.0658552,2.155260372351e-01,3.864482474165e+01,3.925137367338e+01
354,0.0631007,2.065113242027e-01,3.928710205749e+01,3.938123800331e+01
355,0.0603442,1.974901897699e-01,3.993027655374e+01,3.951086661958e+01
356,0.057586,1.884632492926e-01,4.057428420712e+01,3.964032639371e+01
357,0.0548262,1.794311292395e-01,4.121906308590e+01,3.976968247785e+01
358,0.052065,1.703944723762e-01,4.186455304339e+01,3.989899919932e+01
359,0.0493026,1.613539430899e-01,4.251069542291e+01,4.002834095654e+01
360,0.0465392,1.523102329579e-01,4.315743277361e+01,4.015777311754e+01
361,0.0437751,1.432640666668e-01,4.380470857663e+01,4.028736292203e+01
362,0.0410105,1.342162083944e-01,4.445246698082e+01,4.041718038830e+01
363,0.0382456,1.251674687731e-01,4.510065254715e+01,4.054729922574e+01
364,0.0354807,1.161187125590e-01,4.574921000106e+01,4.067779775405e+01
365,0.0327161,1.070708671416e-01,4.639808399132e+01,4.080875982942e+01
366,0.0299521,9.802493203164e-02,4.704721885424e+01,4.094027577820e+01
367,0.0271889,8.898198947974e-02,4.769655838130e+01,4.107244333776e+01
368,0.0244271,7.994321637999e-02,4.834604558846e+01,4.120536860408e+01
369,0.0216669,7.090989762574e-02,4.899562248441e+01,4.133916698478e+01
370,0.0189088,6.188344108797e-02,4.964522983506e+01,4.147396415603e+01
371,0.0161533,5.286539439380e-02,5.029480692075e+01,4.160989702054e+01
372,0.0134009,4.385746368407e-02,5.094429128224e+01,4.174711466347e+01
373,0.0106521,3.486153452886e-02,5.159361845086e+01,4.188577930170e+01
374,0.00790768,2.587969517337e-02,5.224272165744e+01,4.202606722097e+01
375,0.00516825,1.691426227564e-02,5.289153151421e+01,4.216816969405e+01
376,0.00243461,7.967809276929e-03,5.353997566279e+01,4.231229387146e+01
377,-0.000292356,-9.568024833790e-04,5.418797838106e+01,4.245866363482e+01
378,-0.00301167,-9.856389839054e-03,5.483546014075e+01,4.260752040076e+01
379,-0.00572226,-1.872741104148e-02,5.548233710736e+01,4.275912386119e+01
380,-0.00842292,-2.756592623952e-02,5.612852057312e+01,4.291375264335e+01
381,-0.0111123,-3.636755535163e-02,5.677391631426e+01,4.307170487030e+01
382,-0.0137889,-4.512743360664e-02,5.741842386299e+01,4.323329859964e+01
383,-0.0164512,-5.384016517505e-02,5.806193568607e+01,4.339887211475e+01
384,-0.0190972,-6.249977548810e-02,5.870433626197e+01,4.356878403980e+01
385,-0.0217249,-7.109966304779e-02,5.934550105076e+01,4.374341324566e+01
386,-0.0243322,-7.963255176844e-02,5.998529535297e+01,4.392315851079e+01
387,-0.0269165,-8.809044515881e-02,6.062357305700e+01,4.410843789695e+01
388,-0.0294753,-9.646458394713e-02,6.126017527896e+01,4.429968779714e+01
389,-0.0320055,-1.047454090649e-01,6.189492890422e+01,4.449736160989e+01
390,-0.0345041,-1.129225322245e-01,6.252764504708e+01,4.470192799316e+01
391,-0.0369676,-1.209847166359e-01,6.315811745269e+01,4.491386865072e+01
392,-0.0393922,-1.289198706825e-01,6.378612087547e+01,4.513367560631e+01
393,-0.041774,-1.367150575897e-01,6.441140947856e+01,4.536184792606e+01
394,-0.0441089,-1.443565242292e-01,6.503371531101e+01,4.559888785802e+01
395,-0.0463924,-1.518297521723e-01,6.565274693126e+01,4.584529637119e+01
396,-0.0486199,-1.591195338830e-01,6.626818825771e+01,4.610156809428e+01
397,-0.0507864,-1.662100764880e-01,6.687969773723e+01,4.636818567832e+01
398,-0.0528871,-1.730851348305e-01,6.748690793076e+01,4.664561363635e+01
399,-0.0549169,-1.797281744840e-01,6.808942561852e+01,4.693429174814e+01
400,-0.0568708,-1.861225640702e-01,6.868683252484e+01,4.723462815596e+01
401,-0.0587436,-1.922517946155e-01,6.927868675299e+01,4.754699231745e+01
402,-0.0605305,-1.980997218619e-01,6.986452500108e+01,4.787170802077e+01
403,-0.0622266,-2.036508255397e-01,7.044386560161e+01,4.820904670001e+01
404,-0.0638276,-2.088904777567e-01,7.101621238922e+01,4.855922131320e+01
405,-0.0653294,-2.138052110581e-01,7.158105935516e+01,4.892238105394e+01
406,-0.0667281,-2.183829755657e-01,7.213789599596e+01,4.929860715901e+01
407,-0.0680208,-2.226133741001e-01,7.268621321255e+01,4.968791004453e+01
408,-0.0692046,-2.264878644710e-01,7.322550956860e+01,5.009022795243e+01
409,-0.0702778,-2.299999192582e-01,7.375529768000e+01,5.050542721932e+01
410,-0.0712388,-2.331451353590e-01,7.427511048549e+01,5.093330419721e+01
411,-0.0720871,-2.359212882138e-01,7.478450714485e+01,5.137358876577e+01
412,-0.0728225,-2.383283286984e-01,7.528307832742e+01,5.182594928905e+01
413,-0.0734459,-2.403683238958e-01,7.577045068908e+01,5.228999879397e+01
414,-0.0739583,-2.420453460100e-01,7.624629038573e+01,5.276530208990e+01
415,-0.0743616,-2.433653162769e-01,7.671030553158e+01,5.325138351485e+01
416,-0.0746582,-2.443358126379e-01,7.716224757334e+01,5.374773498440e+01
417,-0.0748507,-2.449658510583e-01,7.760191161187e+01,5.425382403380e+01
418,-0.0749423,-2.452656506780e-01,7.802913575434e+01,5.476910157814e+01
419,-0.0749364,-2.452463925538e-01,7.844379961980e+01,5.529300916339e+01
420,-0.0748367,-2.449199807401e-01,7.884582214696e+01,5.582498553738e+01
421,-0.0746469,-2.442988130410e-01,7.923515886504e+01,5.636447242725e+01
422,-0.0743709,-2.433955671391e-01,7.961179878865e+01,5.691091946441e+01
423,-0.0740126,-2.422230061412e-01,7.997576108755e+01,5.746378824540e+01
424,-0.0735759,-2.407938060018e-01,8.032709166517e+01,5.802255555572e+01
425,-0.0730646,-2.391204059034e-01,8.066585975911e+01,5.858671581209e+01
426,-0.0724823,-2.372148815227e-01,8.099215465354e+01,5.915578279821e+01
427,-0.0718327,-2.350888402261e-01,8.130608257177e+01,5.972929077974e+01
428,-0.0711191,-2.327533366017e-01,8.160776379603e+01,6.030679508856e+01
429,-0.0703446,-2.302188063194e-01,8.189733004384e+01,6.088787226457e+01
430,-0.0695124,-2.274950160904e-01,8.217492211542e+01,6.147211983889e+01
431,-0.068625,-2.245910274172e-01,8.244068781453e+01,6.205915583423e+01
432,-0.0676852,-2.215151718661e-01,8.269478013615e+01,6.264861804969e+01
433,-0.0666951,-2.182750357013e-01,8.293735570826e+01,6.324016318796e+01
434,-0.065657,-2.148774518860e-01,8.316857347037e+01,6.383346587368e+01
435,-0.0645726,-2.113284976374e-01,8.338859356951e+01,6.442821760311e+01
436,-0.0634436,-2.076334959197e-01,8.359757645273e+01,6.502412565771e+01
437,-0.0622713,-2.037970194466e-01,8.379568213579e+01,6.562091200709e+01
438,-0.061057,-1.998228959413e-01,8.398306962787e+01,6.621831222111e+01
439,-0.0598016,-1.957142135575e-01,8.415989649385e+01,6.681607440595e+01
440,-0.0585057,-1.914733255003e-01,8.432631853691e+01,6.741395817466e+01
441,-0.05717,-1.871018529942e-01,8.448248958610e+01,6.801173365971e+01
442,-0.0557947,-1.826006858331e-01,8.462856137540e+01,6.860918057186e+01
443,-0.0543797,-1.779699798059e-01,8.476468350227e+01,6.920608730825e+01
444,-0.052925,-1.732091503306e-01,8.489100345598e+01,6.980225011029e+01
445,-0.0514302,-1.683168616422e-01,8.500766670699e+01,7.039747227131e+01
446,-0.0498945,-1.632910108671e-01,8.511481685090e+01,7.099156339250e+01
447,-0.0483171,-1.581287062852e-01,8.521259580152e+01,7.158433868561e+01
448,-0.0466969,-1.528262390176e-01,8.530114402926e+01,7.217561831995e+01
449,-0.0450325,-1.473790472908e-01,8.538060084220e+01,7.276522681133e+01
450,-0.0433222,-1.417816723112e-01,8.545110470875e+01,7.335299245029e+01
451,-0.041564,-1.360277046304e-01,8.551279362181e+01,7.393874676721e+01
452,-0.0397557,-1.301097196912e-01,8.556580550577e+01,7.452232403166e+01
453,-0.0378948,-1.240192010024e-01,8.561027866912e+01,7.510356078386e+01
454,-0.0359781,-1.177464490982e-01,8.564635230644e+01,7.568229539621e+01
455,-0.0340024,-1.112804740678e-01,8.567416705563e+01,7.625836766309e+01
456,-0.0319638,-1.046088689921e-01,8.569386561746e+01,7.683161841785e+01
457,-0.0298582,-9.771766106233e-02,8.570559344671e+01,7.740188917584e+01
458,-0.0276806,-9.059113645927e-02,8.570949952644e+01,7.796902180352e+01
459,-0.0254258,-8.321163420606e-02,8.570573723957e+01,7.853285821374e+01
460,-0.0230876,-7.555930311483e-02,8.569446535524e+01,7.909324008857e+01
461,-0.0206592,-6.761181457575e-02,8.567584915146e+01,7.965000863168e+01
462,-0.0181329,-5.934402219298e-02,8.565006170043e+01,8.020300435358e+01
463,-0.0155001,-5.072755704451e-02,8.561728534899e+01,8.075206689465e+01
464,-0.0127509,-4.173034447868e-02,8.557771343465e+01,8.129703489226e+01
465,-0.00987434,-3.231602464652e-02,8.553155228701e+01,8.183774590123e+01
466,-0.00685766,-2.244325412114e-02,8.547902357748e+01,8.237403637904e+01
467,-0.00368648,-1.206485956782e-02,8.542036709596e+01,8.290574175162e+01
468,-0.000344302,-1.126805942977e-03,8.535584405438e+01,8.343269657975e+01
469,0.00318788,1.043306968243e-02,8.528574104506e+01,8.395473485260e+01
470,0.00693202,2.268662299925e-02,8.521037481796e+01,8.447169044277e+01
471,0.0109136,3.571735147459e-02,8.513009809095e+01,8.498339776778e+01
472,0.0151625,4.962284218096e-02,8.504530667332e+01,8.548969271640e+01
473,0.0197138,6.451787410005e-02,8.495644827445e+01,8.599041391652e+01
474,0.024609,8.053838875132e-02,8.486403349575e+01,8.648540444502e+01
475,0.0298976,9.784662676453e-02,8.476864968133e+01,8.697451411143e+01
476,0.0356393,1.166378503892e-01,8.467097855430e+01,8.745760248920e+01
477,0.0419067,1.371492535246e-01,8.457181892752e+01,8.793454292275e+01
478,0.0487886,1.596719348245e-01,8.447211630537e+01,8.840522780965e+01
479,0.0563955,1.845672300792e-01,8.437300197330e+01,8.886957554655e+01
480,0.0648662,2.122893578131e-01,8.427584534060e+01,8.932753963290e+01
481,0.0743775,2.434173798399e-01,8.418232507235e+01,8.977912053458e+01
482,0.0851587,2.787011785607e-01,8.409452724980e+01,9.022438097153e+01
483,0.0975116,3.191289572711e-01,8.401508292678e+01,9.066346517830e+01
484,0.111842,3.660284526421e-01,8.394736365122e+01,9.109662204961e+01
485,0.128707,4.212218826257e-01,8.389576234244e+01,9.152423005067e+01
486,0.148887,4.872674775927e-01,8.386609751932e+01,9.194681617645e+01
487,0.173507,5.678397872822e-01,8.386618416549e+01,9.236504686703e+01
488,0.20421,6.683227469549e-01,8.390658462620e+01,9.277963415721e+01
489,0.243431,7.966824944825e-01,8.400138724364e+01,9.319102673845e+01
490,0.294717,9.645296254514e-01,8.416829629617e+01,9.359864919976e+01
491,0.362908,1.187699367340e+00,8.442604631045e+01,9.399952987575e+01
492,0.453684,1.484784083092e+00,8.478646918740e+01,9.438718475425e+01
493,0.572384,1.873255735142e+00,8.524405078534e+01,9.475355285096e+01
494,0.723482,2.367758946230e+00,8.577557092782e+01,9.509462047451e+01
495,0.911889,2.984365543283e+00,8.635287738671e+01,9.541379969132e+01
496,1.,3.272727272727e+00,8.659345859812e+01,9.553831648325e+01
